image,coco_class,suspected_av14,cx,cy,w,h,decision
oi_tr_0009399f91f86b40.jpg,Stairs,stairs_up/stairs_down,0.686250,0.734687,0.432500,0.513125,stairs_up
oi_tr_000db814e722951d.jpg,Stairs,stairs_up/stairs_down,0.360351,0.789165,0.720703,0.418741,stairs_down
oi_tr_00103b9719cc1cda.jpg,Stairs,stairs_up/stairs_down,0.408438,0.858999,0.245625,0.181906,stairs_up
oi_tr_0029a5b9094eaebb.jpg,Stairs,stairs_up/stairs_down,0.687148,0.861250,0.584428,0.186250,stairs_up
oi_tr_0093540d64befe27.jpg,Stairs,stairs_up/stairs_down,0.362812,0.613509,0.725625,0.771107,stairs_up
oi_tr_00c31dd7f6a4e4df.jpg,Stairs,stairs_up/stairs_down,0.294922,0.809559,0.160156,0.125000,stairs_up
oi_tr_00ce728f9c824947.jpg,Stairs,stairs_up/stairs_down,0.545625,0.694262,0.395000,0.609595,stairs_up
oi_tr_00d54ced733f4511.jpg,Stairs,stairs_up/stairs_down,0.491996,0.499688,0.983992,0.999375,stairs_up
oi_tr_0104fcde0127d8f9.jpg,Stairs,stairs_up/stairs_down,0.499688,0.499584,0.999375,0.999167,stairs_up
oi_tr_01105e10e4f4b0cf.jpg,Stairs,stairs_up/stairs_down,0.303438,0.800833,0.606875,0.396667,stairs_down
oi_tr_0121bb98a865597d.jpg,Stairs,stairs_up/stairs_down,0.718333,0.695312,0.535000,0.608125,stairs_up
oi_tr_0140853418d07a0e.jpg,Stairs,stairs_up/stairs_down,0.221875,0.431839,0.443750,0.437909,stairs_up
oi_tr_0140853418d07a0e.jpg,Stairs,stairs_up/stairs_down,0.561875,0.393558,0.875000,0.422969,stairs_up
oi_tr_015ed80ce5cfa6a0.jpg,Stairs,stairs_up/stairs_down,0.185000,0.420416,0.370000,0.234167,stairs_down
oi_tr_015ed80ce5cfa6a0.jpg,Stairs,stairs_up/stairs_down,0.641250,0.977500,0.490000,0.043334,drop
oi_tr_01628bba2f208d05.jpg,Stairs,stairs_up/stairs_down,0.499584,0.842812,0.999167,0.313125,stairs_down
oi_tr_01628bba2f208d05.jpg,Stairs,stairs_up/stairs_down,0.342917,0.234063,0.550833,0.179375,stairs_down
oi_tr_0193ae1d026e8864.jpg,Stairs,stairs_up/stairs_down,0.507188,0.967917,0.498125,0.062500,stairs_down
oi_tr_0193ae1d026e8864.jpg,Stairs,stairs_up/stairs_down,0.564062,0.188333,0.103125,0.115000,drop
oi_tr_01b2bf51bd5ef1ac.jpg,Stairs,stairs_up/stairs_down,0.298333,0.624062,0.596667,0.750625,stairs_up
oi_tr_01fe7e477b2400a9.jpg,Stairs,stairs_up/stairs_down,0.487692,0.533695,0.960000,0.867391,stairs_up
oi_tr_021e768d7d819b45.jpg,Stairs,stairs_up/stairs_down,0.506111,0.485625,0.794444,0.525000,stairs_up
oi_tr_022cda34f8118bec.jpg,Stairs,stairs_up/stairs_down,0.603125,0.736892,0.792500,0.524345,stairs_down
oi_tr_022ff9ffc6100595.jpg,Stairs,stairs_up/stairs_down,0.369136,0.577813,0.423077,0.688125,stairs_down
oi_tr_0298954fe23969f6.jpg,Stairs,stairs_up/stairs_down,0.609375,0.865854,0.720000,0.266417,stairs_up
oi_tr_0298954fe23969f6.jpg,Stairs,stairs_up/stairs_down,0.695312,0.545967,0.125625,0.138837,stairs_up
oi_tr_030801a64c9c785b.jpg,Stairs,stairs_up/stairs_down,0.097638,0.701562,0.070866,0.049375,stairs_up
oi_tr_03093122d051c2ba.jpg,Stairs,stairs_up/stairs_down,0.424687,0.836304,0.664375,0.325516,stairs_down
oi_tr_0369e60a691e2c6c.jpg,Stairs,stairs_up/stairs_down,0.418125,0.565666,0.548750,0.866792,stairs_up
oi_tr_0446493bc326a62a.jpg,Stairs,stairs_up/stairs_down,0.499688,0.499636,0.999375,0.999273,stairs_down
oi_tr_0474a31a37ebf382.jpg,Stairs,stairs_up/stairs_down,0.498889,0.549167,0.997778,0.898333,stairs_up
oi_tr_060850c0a2d4ab36.jpg,Stairs,stairs_up/stairs_down,0.575732,0.680312,0.840167,0.608125,stairs_down
oi_tr_06bef927bbc06534.jpg,Stairs,stairs_up/stairs_down,0.499531,0.499688,0.999062,0.999375,stairs_up
oi_tr_073487419a418f94.jpg,Stairs,stairs_up/stairs_down,0.165937,0.795136,0.331875,0.407858,drop
oi_tr_0766400ba06a3487.jpg,Stairs,stairs_up/stairs_down,0.702187,0.731769,0.365625,0.308466,stairs_up
oi_tr_07d3e2ea777d336f.jpg,Stairs,stairs_up/stairs_down,0.589063,0.807860,0.819375,0.382533,stairs_up
oi_tr_07e5682547aa8f1d.jpg,Stairs,stairs_up/stairs_down,0.652439,0.621563,0.421200,0.351875,stairs_up
oi_tr_07fd364a6eb8a820.jpg,Stairs,stairs_up/stairs_down,0.615347,0.394583,0.634653,0.789167,stairs_up
oi_tr_086327096b49ce53.jpg,Stairs,stairs_up/stairs_down,0.415000,0.593340,0.107500,0.109756,stairs_up
oi_tr_086327096b49ce53.jpg,Stairs,stairs_up/stairs_down,0.551250,0.643527,0.170000,0.474672,stairs_down
oi_tr_0a5a024468d00afd.jpg,Stairs,stairs_up/stairs_down,0.499511,0.499270,0.999023,0.998540,stairs_down
oi_tr_0b08fb97e5c9ef3e.jpg,Stairs,stairs_up/stairs_down,0.416374,0.872962,0.294448,0.252157,stairs_up
oi_tr_0b17a470fda85d8a.jpg,Stairs,stairs_up/stairs_down,0.499688,0.514583,0.999375,0.614167,stairs_up
oi_tr_0b4a2ab47f811e61.jpg,Stairs,stairs_up/stairs_down,0.467187,0.528249,0.781875,0.468927,stairs_up
oi_tr_0b502fa99f88861a.jpg,Stairs,stairs_up/stairs_down,0.325047,0.724688,0.650094,0.496875,stairs_up
oi_tr_0c6da404bb387fa9.jpg,Stairs,stairs_up/stairs_down,0.499688,0.828750,0.999375,0.340834,stairs_up
oi_tr_0c70f7c0f3ab154a.jpg,Stairs,stairs_up/stairs_down,0.480938,0.813670,0.765625,0.355805,stairs_down
oi_tr_0df95d37a123cfbd.jpg,Stairs,stairs_up/stairs_down,0.665198,0.415039,0.129222,0.224610,stairs_up
oi_tr_0df95d37a123cfbd.jpg,Stairs,stairs_up/stairs_down,0.782672,0.596680,0.120411,0.138672,stairs_up
oi_tr_0ea4507dd92c8758.jpg,Stairs,stairs_up/stairs_down,0.510313,0.885965,0.778125,0.225878,stairs_down
oi_tr_0f4cec40a38b1ad0.jpg,Stairs,stairs_up/stairs_down,0.538750,0.499584,0.921250,0.999167,drop
oi_tr_0f7804069ff7b0e6.jpg,Stairs,stairs_up/stairs_down,0.577140,0.948902,0.201577,0.100506,drop
oi_tr_0f7804069ff7b0e6.jpg,Stairs,stairs_up/stairs_down,0.741555,0.870777,0.402027,0.256756,drop
oi_tr_0f7804069ff7b0e6.jpg,Stairs,stairs_up/stairs_down,0.852477,0.608530,0.292793,0.416385,drop
oi_tr_0fd2cadfd2a4641c.jpg,Stairs,stairs_up/stairs_down,0.498750,0.629139,0.718750,0.331126,drop
oi_tr_1148bfd6fc8a32a5.jpg,Stairs,stairs_up/stairs_down,0.518066,0.589193,0.672851,0.272135,stairs_up
oi_tr_116417b78ac3f54c.jpg,Stairs,stairs_up/stairs_down,0.499445,0.670313,0.998889,0.341875,stairs_up
oi_tr_120c335ab654b78a.jpg,Stairs,stairs_up/stairs_down,0.348750,0.659012,0.267500,0.442808,drop
oi_tr_1458cc4730b22375.jpg,Stairs,stairs_up/stairs_down,0.325833,0.737500,0.651667,0.433750,stairs_up
oi_tr_1458cc4730b22375.jpg,Stairs,stairs_up/stairs_down,0.811667,0.420625,0.375000,0.251250,stairs_up
oi_tr_14eec4754774bf3e.jpg,Stairs,stairs_up/stairs_down,0.050952,0.666000,0.101905,0.665334,stairs_up
oi_tr_1651fab362631d59.jpg,Stairs,stairs_up/stairs_down,0.571111,0.920000,0.644444,0.153334,stairs_down
oi_tr_1655929c74ef63fc.jpg,Stairs,stairs_up/stairs_down,0.467588,0.684688,0.935176,0.629375,stairs_down
oi_tr_168ba6b258857b64.jpg,Stairs,stairs_up/stairs_down,0.557032,0.617708,0.704687,0.760417,stairs_up
oi_tr_168f0e91d40e9f1d.jpg,Stairs,stairs_up/stairs_down,0.260516,0.779688,0.521033,0.439375,stairs_up
oi_tr_1734859d4c3440d6.jpg,Stairs,stairs_up/stairs_down,0.498896,0.565397,0.997792,0.865894,stairs_up
oi_tr_17b3971edad447b3.jpg,Stairs,stairs_up/stairs_down,0.245515,0.275625,0.407932,0.551250,stairs_up
oi_tr_18098db89b9a6bcb.jpg,Stairs,stairs_up/stairs_down,0.489063,0.701666,0.854375,0.471667,stairs_up
oi_tr_1939128a200672a2.jpg,Stairs,stairs_up/stairs_down,0.526875,0.496233,0.876250,0.928437,stairs_up
oi_tr_1a69495bb7ad0be6.jpg,Stairs,stairs_up/stairs_down,0.699062,0.854584,0.595625,0.275833,stairs_up
oi_tr_1ac8ae3d14b2acf7.jpg,Stairs,stairs_up/stairs_down,0.108750,0.780000,0.217500,0.115000,stairs_up
oi_tr_1ac8ae3d14b2acf7.jpg,Stairs,stairs_up/stairs_down,0.465625,0.644583,0.111250,0.059167,stairs_up
oi_tr_1ac8ae3d14b2acf7.jpg,Stairs,stairs_up/stairs_down,0.934063,0.783334,0.130625,0.111667,stairs_up
oi_tr_1b6d3e17f9d22a0a.jpg,Stairs,stairs_up/stairs_down,0.639375,0.853658,0.691250,0.288931,drop
oi_tr_1bb8d21684bf3bd4.jpg,Stairs,stairs_up/stairs_down,0.499688,0.783438,0.999375,0.431875,stairs_up
oi_tr_1d2052854bb6edf8.jpg,Stairs,stairs_up/stairs_down,0.499531,0.876250,0.999062,0.246250,stairs_up
oi_tr_1d2052854bb6edf8.jpg,Stairs,stairs_up/stairs_down,0.637430,0.421563,0.282364,0.030625,drop
oi_tr_1d7245038c747b07.jpg,Stairs,stairs_up/stairs_down,0.340625,0.547978,0.310000,0.902163,drop
oi_tr_1d7245038c747b07.jpg,Stairs,stairs_up/stairs_down,0.678750,0.551740,0.251250,0.894638,drop
oi_tr_1e066fd6da32807c.jpg,Stairs,stairs_up/stairs_down,0.273125,0.566184,0.311250,0.395995,stairs_up
oi_tr_1f24ef7fbcb66bba.jpg,Stairs,stairs_up/stairs_down,0.145996,0.688151,0.069336,0.040364,stairs_up
oi_tr_1f924132c0e0d670.jpg,Stairs,stairs_up/stairs_down,0.117188,0.670559,0.234375,0.193494,stairs_up
oi_tr_1fc796afd8699f0b.jpg,Stairs,stairs_up/stairs_down,0.462500,0.535416,0.231250,0.279167,stairs_down
oi_tr_1fe28a3f8e8d9868.jpg,Stairs,stairs_up/stairs_down,0.248750,0.521576,0.462500,0.954972,drop
oi_tr_1fe28a3f8e8d9868.jpg,Stairs,stairs_up/stairs_down,0.756875,0.518762,0.485000,0.960600,drop
oi_tr_20194c23267da6f7.jpg,Stairs,stairs_up/stairs_down,0.789375,0.655833,0.146250,0.166667,stairs_up
oi_tr_21676026c3b39e8c.jpg,Stairs,stairs_up/stairs_down,0.338437,0.274166,0.328125,0.548333,drop
oi_tr_24190607ba1c2647.jpg,Stairs,stairs_up/stairs_down,0.499532,0.650625,0.999065,0.697500,stairs_up
oi_tr_24190607ba1c2647.jpg,Stairs,stairs_up/stairs_down,0.477082,0.265000,0.228251,0.087500,drop
oi_tr_24837699a6e881a5.jpg,Stairs,stairs_up/stairs_down,0.470588,0.535000,0.806723,0.511250,drop
oi_tr_24900bc7f3166eb4.jpg,Stairs,stairs_up/stairs_down,0.186250,0.836666,0.372500,0.323333,stairs_up
oi_tr_2517f7aa4dc7e50b.jpg,Stairs,stairs_up/stairs_down,0.048340,0.576823,0.096680,0.526042,stairs_up
oi_tr_2517f7aa4dc7e50b.jpg,Stairs,stairs_up/stairs_down,0.963378,0.554037,0.071289,0.550781,stairs_up
oi_tr_25943d6c0664248a.jpg,Stairs,stairs_up/stairs_down,0.383707,0.483623,0.143035,0.138729,stairs_up
oi_tr_25943d6c0664248a.jpg,Stairs,stairs_up/stairs_down,0.726990,0.746628,0.543532,0.502890,stairs_up
oi_tr_26466da0f54e844e.jpg,Stairs,stairs_up/stairs_down,0.429644,0.607187,0.859287,0.784375,stairs_down
oi_tr_26e922b7ce3c32e1.jpg,Stairs,stairs_up/stairs_down,0.214844,0.569792,0.429688,0.856250,stairs_up
oi_tr_273282232acc90bb.jpg,Stairs,stairs_up/stairs_down,0.555625,0.743111,0.363750,0.395669,stairs_up
oi_tr_27d0fd1fc32c8c1e.jpg,Stairs,stairs_up/stairs_down,0.802880,0.892500,0.392593,0.213750,stairs_up
oi_tr_28d169a8c83bd0d1.jpg,Stairs,stairs_up/stairs_down,0.384375,0.816667,0.350000,0.365000,stairs_up
oi_tr_29712683bb19c5d7.jpg,Stairs,stairs_up/stairs_down,0.555468,0.564844,0.423437,0.554688,stairs_up
oi_tr_29a2daccaff298b2.jpg,Stairs,stairs_up/stairs_down,0.556640,0.740234,0.785157,0.517578,stairs_up
oi_tr_29f2e18ac3926157.jpg,Stairs,stairs_up/stairs_down,0.499531,0.499688,0.999062,0.999375,stairs_up
oi_tr_2a1efc4aeca3e556.jpg,Stairs,stairs_up/stairs_down,0.281562,0.573750,0.421875,0.740000,drop
oi_tr_2a1efc4aeca3e556.jpg,Stairs,stairs_up/stairs_down,0.706875,0.547187,0.377500,0.724375,drop
oi_tr_2a2c061bdf1920a8.jpg,Stairs,stairs_up/stairs_down,0.499688,0.536654,0.999375,0.924812,stairs_up
oi_tr_2a44c9dfee1ffb62.jpg,Stairs,stairs_up/stairs_down,0.375833,0.603333,0.525000,0.322222,stairs_up
oi_tr_2a44c9dfee1ffb62.jpg,Stairs,stairs_up/stairs_down,0.395834,0.203334,0.508333,0.326667,stairs_up
oi_tr_2ac4e45af272b2fc.jpg,Stairs,stairs_up/stairs_down,0.536666,0.510500,0.713333,0.977000,stairs_up
oi_tr_2babc6c9e7e3d4d4.jpg,Stairs,stairs_up/stairs_down,0.362187,0.806625,0.201875,0.093991,stairs_up
oi_tr_2c10d8c1f2f42890.jpg,Stairs,stairs_up/stairs_down,0.511563,0.847917,0.320625,0.292500,stairs_up
oi_tr_2c41fb315ea8b934.jpg,Stairs,stairs_up/stairs_down,0.497500,0.650417,0.548750,0.697500,stairs_up
oi_tr_2c46cfdaae52a915.jpg,Stairs,stairs_up/stairs_down,0.429108,0.468438,0.092018,0.151875,stairs_up
oi_tr_2ca35b59122d809a.jpg,Stairs,stairs_up/stairs_down,0.452500,0.596506,0.472500,0.620632,drop
oi_tr_2ece160c8bbe4e22.jpg,Stairs,stairs_up/stairs_down,0.741824,0.648750,0.514630,0.701250,stairs_up
oi_tr_2f641e26b3cfaf4e.jpg,Stairs,stairs_up/stairs_down,0.496634,0.605938,0.856731,0.786875,stairs_up
oi_tr_313746e7e47c5fbb.jpg,Stairs,stairs_up/stairs_down,0.507533,0.544687,0.615820,0.909375,stairs_up
oi_tr_32049ea0c454a46d.jpg,Stairs,stairs_up/stairs_down,0.569063,0.879001,0.855625,0.240113,drop
oi_tr_3388790198a8d6c6.jpg,Stairs,stairs_up/stairs_down,0.439941,0.705278,0.879883,0.586511,stairs_up
oi_tr_33dc63680c1e5049.jpg,Stairs,stairs_up/stairs_down,0.292578,0.798958,0.310156,0.400000,stairs_down
oi_tr_34f2e6e97214549f.jpg,Stairs,stairs_up/stairs_down,0.647378,0.420625,0.227848,0.266250,stairs_up
oi_tr_34f2e6e97214549f.jpg,Stairs,stairs_up/stairs_down,0.601266,0.774062,0.126582,0.100625,stairs_down
oi_tr_34f2e6e97214549f.jpg,Stairs,stairs_up/stairs_down,0.798372,0.833438,0.401447,0.331875,stairs_down
oi_tr_352a9a7264819351.jpg,Stairs,stairs_up/stairs_down,0.499584,0.621563,0.999167,0.755625,stairs_down
oi_tr_354f848f64afa83a.jpg,Stairs,stairs_up/stairs_down,0.512500,0.658889,0.288334,0.455556,stairs_up
oi_tr_36a8e02d2f849e19.jpg,Stairs,stairs_up/stairs_down,0.611250,0.791250,0.157500,0.227500,stairs_up
oi_tr_36a8e02d2f849e19.jpg,Stairs,stairs_up/stairs_down,0.917188,0.792083,0.110625,0.132500,stairs_up
oi_tr_36db1a2a06205921.jpg,Stairs,stairs_up/stairs_down,0.499375,0.747655,0.998750,0.500938,stairs_up
oi_tr_36def1eebd8a4b24.jpg,Stairs,stairs_up/stairs_down,0.498333,0.673750,0.996667,0.647500,stairs_up
oi_tr_3744b81fdc4efb16.jpg,Stairs,stairs_up/stairs_down,0.218125,0.642924,0.095000,0.071228,stairs_up
oi_tr_3744b81fdc4efb16.jpg,Stairs,stairs_up/stairs_down,0.621875,0.642925,0.556250,0.067479,stairs_up
oi_tr_3a299e1ade60abb7.jpg,Stairs,stairs_up/stairs_down,0.499688,0.499531,0.999375,0.999062,stairs_up
oi_tr_3a3d5ba9a2414a8c.jpg,Stairs,stairs_up/stairs_down,0.499349,0.791015,0.998698,0.255859,stairs_down
oi_tr_3ae3dff1dcdc8a36.jpg,Stairs,stairs_up/stairs_down,0.499529,0.735313,0.999058,0.528125,stairs_up
oi_tr_3b603140d98d708c.jpg,Stairs,stairs_up/stairs_down,0.347168,0.771484,0.147460,0.188802,stairs_up
oi_tr_3b603140d98d708c.jpg,Stairs,stairs_up/stairs_down,0.558594,0.583333,0.166016,0.289063,stairs_up
oi_tr_3b7764a38cf2bc32.jpg,Stairs,stairs_up/stairs_down,0.418750,0.771875,0.270834,0.454166,stairs_up
oi_tr_3c0452ba6e545b4a.jpg,Stairs,stairs_up/stairs_down,0.891563,0.678943,0.175625,0.443815,stairs_up
oi_tr_3f5379f7a3f099d4.jpg,Stairs,stairs_up/stairs_down,0.499584,0.589063,0.999167,0.820625,stairs_up
oi_tr_40b6cf6301d5c1fc.jpg,Stairs,stairs_up/stairs_down,0.313750,0.743750,0.605000,0.480834,stairs_up
oi_tr_40b6cf6301d5c1fc.jpg,Stairs,stairs_up/stairs_down,0.657500,0.286250,0.682500,0.572500,stairs_up
oi_tr_40c66dfa92b9377e.jpg,Stairs,stairs_up/stairs_down,0.368750,0.416981,0.522500,0.615094,stairs_up
oi_tr_40f14a5bb5a2bdca.jpg,Stairs,stairs_up/stairs_down,0.499688,0.733993,0.999375,0.530131,stairs_up
oi_tr_40ff77bc7308de99.jpg,Stairs,stairs_up/stairs_down,0.559159,0.873125,0.699387,0.252500,stairs_down
oi_tr_4103f97c0daef006.jpg,Stairs,stairs_up/stairs_down,0.489524,0.529062,0.660952,0.659375,stairs_up
oi_tr_41e248a361614430.jpg,Stairs,stairs_up/stairs_down,0.499688,0.798042,0.999375,0.402135,stairs_up
oi_tr_42385205f12356cf.jpg,Stairs,stairs_up/stairs_down,0.499219,0.498959,0.998438,0.997917,drop
oi_tr_42cab29f5b4729a0.jpg,Stairs,stairs_up/stairs_down,0.606934,0.837004,0.401367,0.255507,stairs_up
oi_tr_42d67d3c645ce102.jpg,Stairs,stairs_up/stairs_down,0.499688,0.575516,0.999375,0.847092,drop
oi_tr_42f42084fac0ff7e.jpg,Stairs,stairs_up/stairs_down,0.604575,0.647059,0.777778,0.702614,stairs_up
oi_tr_4360afc4db1ed69c.jpg,Stairs,stairs_up/stairs_down,0.499688,0.753283,0.999375,0.491557,stairs_up
oi_tr_43b2d285b81cad17.jpg,Stairs,stairs_up/stairs_down,0.602857,0.894624,0.311428,0.206451,stairs_down
oi_tr_43b2d285b81cad17.jpg,Stairs,stairs_up/stairs_down,0.732143,0.518280,0.298572,0.404301,stairs_up
oi_tr_43b2d285b81cad17.jpg,Stairs,stairs_up/stairs_down,0.967857,0.698925,0.061428,0.150538,drop
oi_tr_43bbd2556bca024e.jpg,Stairs,stairs_up/stairs_down,0.605938,0.706848,0.481875,0.451220,stairs_up
oi_tr_43bbd2556bca024e.jpg,Stairs,stairs_up/stairs_down,0.580625,0.383678,0.196250,0.189493,stairs_up
oi_tr_43bbd2556bca024e.jpg,Stairs,stairs_up/stairs_down,0.733750,0.400563,0.097500,0.151970,stairs_up
oi_tr_43bbd2556bca024e.jpg,Stairs,stairs_up/stairs_down,0.915938,0.380863,0.166875,0.183864,stairs_up
oi_tr_43f8e2df090731ff.jpg,Stairs,stairs_up/stairs_down,0.902500,0.689167,0.193750,0.468333,stairs_up
oi_tr_44727f7ab7127c41.jpg,Stairs,stairs_up/stairs_down,0.075313,0.394466,0.150625,0.276735,stairs_up
oi_tr_44727f7ab7127c41.jpg,Stairs,stairs_up/stairs_down,0.920000,0.346623,0.145000,0.192308,stairs_up
oi_tr_450cc83a502ac7f6.jpg,Stairs,stairs_up/stairs_down,0.562818,0.595000,0.415959,0.758750,stairs_up
oi_tr_45150c74fcee7c52.jpg,Stairs,stairs_up/stairs_down,0.525000,0.784240,0.175000,0.429644,drop
oi_tr_46994b60dc09ed93.jpg,Stairs,stairs_up/stairs_down,0.471857,0.742813,0.651032,0.513125,stairs_up
oi_tr_47d5c19eda3c723f.jpg,Stairs,stairs_up/stairs_down,0.499688,0.790000,0.999375,0.418334,stairs_down
oi_tr_48e47ed7fb648bec.jpg,Stairs,stairs_up/stairs_down,0.568056,0.614062,0.862037,0.300625,stairs_up
oi_tr_493dad1844c6832a.jpg,Stairs,stairs_up/stairs_down,0.831875,0.782427,0.335000,0.433473,stairs_up
oi_tr_4b420654204bf014.jpg,Stairs,stairs_up/stairs_down,0.498959,0.626563,0.997917,0.743751,stairs_up
oi_tr_4be654f2ca74620a.jpg,Stairs,stairs_up/stairs_down,0.541667,0.729062,0.807778,0.486875,stairs_up
oi_tr_4beb0c0fb1884aa8.jpg,Stairs,stairs_up/stairs_down,0.351328,0.374375,0.230897,0.148750,stairs_up
oi_tr_4cda7504c1400164.jpg,Stairs,stairs_up/stairs_down,0.330207,0.522188,0.660413,0.351875,stairs_up
oi_tr_4d0ff5bef5665f46.jpg,Stairs,stairs_up/stairs_down,0.454166,0.592188,0.621667,0.310625,stairs_up
oi_tr_4d0ff5bef5665f46.jpg,Stairs,stairs_up/stairs_down,0.264167,0.827813,0.200000,0.235625,stairs_up
oi_tr_4d0ff5bef5665f46.jpg,Stairs,stairs_up/stairs_down,0.310000,0.590625,0.118334,0.112500,stairs_up
oi_tr_4d0ff5bef5665f46.jpg,Stairs,stairs_up/stairs_down,0.456667,0.085000,0.330000,0.170000,stairs_up
oi_tr_4d0ff5bef5665f46.jpg,Stairs,stairs_up/stairs_down,0.653334,0.900000,0.691667,0.198750,stairs_up
oi_tr_4d0ff5bef5665f46.jpg,Stairs,stairs_up/stairs_down,0.657917,0.205313,0.682500,0.390625,stairs_up
oi_tr_4d25b41886ec7a31.jpg,Stairs,stairs_up/stairs_down,0.108886,0.694323,0.217773,0.098981,stairs_down
oi_tr_4d25b41886ec7a31.jpg,Stairs,stairs_up/stairs_down,0.347657,0.393013,0.189453,0.264920,stairs_up
oi_tr_4d25b41886ec7a31.jpg,Stairs,stairs_up/stairs_down,0.535156,0.625910,0.240234,0.302766,stairs_up
oi_tr_4fe738feb41409d9.jpg,Stairs,stairs_up/stairs_down,0.192500,0.682500,0.385000,0.633334,stairs_up
oi_tr_4fe738feb41409d9.jpg,Stairs,stairs_up/stairs_down,0.732187,0.772084,0.534375,0.454167,stairs_up
oi_tr_501332864888a4c7.jpg,Stairs,stairs_up/stairs_down,0.708438,0.727486,0.581875,0.543152,stairs_up
oi_tr_50470ecf60cc6662.jpg,Stairs,stairs_up/stairs_down,0.344922,0.776172,0.689844,0.446094,drop
oi_tr_50470ecf60cc6662.jpg,Stairs,stairs_up/stairs_down,0.514453,0.480468,0.110156,0.070313,drop
oi_tr_5059f145b6ebb178.jpg,Stairs,stairs_up/stairs_down,0.367188,0.821250,0.734375,0.355834,stairs_down
oi_tr_51d2760d32070dae.jpg,Stairs,stairs_up/stairs_down,0.516572,0.740000,0.964962,0.312500,stairs_up
oi_tr_5207d05f2d5b629f.jpg,Stairs,stairs_up/stairs_down,0.448750,0.605312,0.897500,0.788125,stairs_up
oi_tr_521520fb0fe949e6.jpg,Stairs,stairs_up/stairs_down,0.610000,0.765537,0.575000,0.410546,stairs_up
oi_tr_5221823ca7ca8068.jpg,Stairs,stairs_up/stairs_down,0.157188,0.690834,0.314375,0.616667,stairs_down
oi_tr_5221823ca7ca8068.jpg,Stairs,stairs_up/stairs_down,0.621250,0.513750,0.613750,0.195834,stairs_down
oi_tr_53035983686dfbdb.jpg,Stairs,stairs_up/stairs_down,0.499531,0.761563,0.999062,0.473125,stairs_up
oi_tr_53f794f6a23208f9.jpg,Stairs,stairs_up/stairs_down,0.315417,0.168125,0.417500,0.336250,stairs_up
oi_tr_55041b4d530ae137.jpg,Stairs,stairs_up/stairs_down,0.530000,0.674843,0.645000,0.647799,stairs_up
oi_tr_58dbbaf9d6e6bca5.jpg,Stairs,stairs_up/stairs_down,0.425625,0.327392,0.260000,0.307692,stairs_down
oi_tr_58dbbaf9d6e6bca5.jpg,Stairs,stairs_up/stairs_down,0.512188,0.635553,0.208125,0.244841,stairs_down
oi_tr_58dbbaf9d6e6bca5.jpg,Stairs,stairs_up/stairs_down,0.699375,0.640713,0.346250,0.303940,stairs_down
oi_tr_58e2581cfc1a5fa8.jpg,Stairs,stairs_up/stairs_down,0.702500,0.585457,0.405000,0.190405,stairs_up
oi_tr_5a3ccaf73e70a48e.jpg,Stairs,stairs_up/stairs_down,0.516667,0.619687,0.965000,0.459375,stairs_down
oi_tr_5b8e62e3737d00cf.jpg,Stairs,stairs_up/stairs_down,0.577812,0.984990,0.233125,0.028143,drop
oi_tr_5ba7615baae82985.jpg,Stairs,stairs_up/stairs_down,0.499531,0.349687,0.999062,0.626875,drop
oi_tr_5bc179c1bfe94e75.jpg,Stairs,stairs_up/stairs_down,0.643528,0.624688,0.469043,0.231875,stairs_up
oi_tr_5c9dd8b74e0ac326.jpg,Stairs,stairs_up/stairs_down,0.395872,0.914687,0.230769,0.169375,stairs_down
oi_tr_5d95265f2814556e.jpg,Stairs,stairs_up/stairs_down,0.234687,0.630336,0.231875,0.343324,stairs_up
oi_tr_5db1115112b4ce01.jpg,Stairs,stairs_up/stairs_down,0.500000,0.740000,0.778750,0.405000,stairs_up
oi_tr_6057cd7fec10adc2.jpg,Stairs,stairs_up/stairs_down,0.568125,0.725417,0.426250,0.547500,stairs_up
oi_tr_608a20e7fb2252f0.jpg,Stairs,stairs_up/stairs_down,0.462056,0.862187,0.924111,0.274375,stairs_down
oi_tr_60bc6d92fbea873e.jpg,Stairs,stairs_up/stairs_down,0.609063,0.927299,0.074375,0.143527,stairs_down
oi_tr_61690c9a30eabae6.jpg,Stairs,stairs_up/stairs_down,0.182500,0.499531,0.365000,0.999062,stairs_up
oi_tr_6274684d9ae663cf.jpg,Stairs,stairs_up/stairs_down,0.499413,0.770313,0.998826,0.456250,stairs_down
oi_tr_63ebd45c4691bae9.jpg,Stairs,stairs_up/stairs_down,0.373125,0.839375,0.145000,0.136250,stairs_down
oi_tr_63ebd45c4691bae9.jpg,Stairs,stairs_up/stairs_down,0.650625,0.745000,0.171250,0.305000,stairs_down
oi_tr_640b9ec2a1c91a34.jpg,Stairs,stairs_up/stairs_down,0.223750,0.770000,0.277500,0.458334,stairs_up
oi_tr_6415c01fd9cc29e3.jpg,Stairs,stairs_up/stairs_down,0.842812,0.541250,0.136875,0.195834,stairs_up
oi_tr_64455e3a529b5ad9.jpg,Stairs,stairs_up/stairs_down,0.079687,0.406323,0.128125,0.110070,drop
oi_tr_64455e3a529b5ad9.jpg,Stairs,stairs_up/stairs_down,0.767188,0.836066,0.206251,0.196721,stairs_up
oi_tr_64455e3a529b5ad9.jpg,Stairs,stairs_up/stairs_down,0.797656,0.651053,0.123438,0.093677,stairs_down
oi_tr_661ce62fb2617dc1.jpg,Stairs,stairs_up/stairs_down,0.499688,0.499532,0.999375,0.999063,stairs_up
oi_tr_66235b46dcafc407.jpg,Stairs,stairs_up/stairs_down,0.563636,0.835000,0.870707,0.328750,stairs_up
oi_tr_662937c89e130f37.jpg,Stairs,stairs_up/stairs_down,0.441875,0.612916,0.087500,0.215833,stairs_up
oi_tr_662937c89e130f37.jpg,Stairs,stairs_up/stairs_down,0.790938,0.285417,0.416875,0.570833,stairs_up
oi_tr_66aa0890d45dccc7.jpg,Stairs,stairs_up/stairs_down,0.444375,0.499445,0.820000,0.998890,stairs_down
oi_tr_66fd282e946ab1ff.jpg,Stairs,stairs_up/stairs_down,0.499584,0.570312,0.999167,0.858125,stairs_up
oi_tr_6723c4064236fac2.jpg,Stairs,stairs_up/stairs_down,0.054784,0.297500,0.045289,0.032500,stairs_up
oi_tr_6723c4064236fac2.jpg,Stairs,stairs_up/stairs_down,0.155588,0.368750,0.064280,0.051250,stairs_up
oi_tr_6723c4064236fac2.jpg,Stairs,stairs_up/stairs_down,0.312637,0.493125,0.097882,0.122500,stairs_down
oi_tr_6723c4064236fac2.jpg,Stairs,stairs_up/stairs_down,0.466764,0.579375,0.179694,0.125000,stairs_up
oi_tr_6723c4064236fac2.jpg,Stairs,stairs_up/stairs_down,0.662892,0.675312,0.143901,0.090625,stairs_up
oi_tr_6723c4064236fac2.jpg,Stairs,stairs_up/stairs_down,0.856464,0.808125,0.259313,0.200000,stairs_up
oi_tr_680c09deb5cbd1b6.jpg,Stairs,stairs_up/stairs_down,0.420000,0.703966,0.840000,0.590180,stairs_down
oi_tr_6844d44c5ef509a0.jpg,Stairs,stairs_up/stairs_down,0.403846,0.718750,0.666980,0.400000,stairs_up
oi_tr_6ae7df046aaf52b5.jpg,Stairs,stairs_up/stairs_down,0.546250,0.542917,0.426250,0.534167,stairs_up
oi_tr_6ae7df046aaf52b5.jpg,Stairs,stairs_up/stairs_down,0.942813,0.846667,0.113125,0.305000,stairs_up
oi_tr_6bdffaadee8d07c1.jpg,Stairs,stairs_up/stairs_down,0.459193,0.504375,0.787054,0.418750,stairs_up
oi_tr_6bf2d03d9a1e2e89.jpg,Stairs,stairs_up/stairs_down,0.620312,0.691589,0.326875,0.394392,stairs_up
oi_tr_6c21c207d69f5430.jpg,Stairs,stairs_up/stairs_down,0.502604,0.615234,0.901042,0.767578,drop
oi_tr_6c3adb1e96ea2bf9.jpg,Stairs,stairs_up/stairs_down,0.498125,0.868784,0.525000,0.175211,stairs_up
oi_tr_6ccde4d5208acc06.jpg,Stairs,stairs_up/stairs_down,0.660500,0.666000,0.677000,0.665334,stairs_up
oi_tr_6edfabc3b65c06f4.jpg,Stairs,stairs_up/stairs_down,0.395333,0.784137,0.268000,0.303213,stairs_up
oi_tr_6edfabc3b65c06f4.jpg,Stairs,stairs_up/stairs_down,0.521334,0.473896,0.453333,0.606425,stairs_up
oi_tr_6ef1b1f40d1481e6.jpg,Stairs,stairs_up/stairs_down,0.465834,0.575313,0.931667,0.848125,stairs_up
oi_tr_6f0b3cfd3ccd629b.jpg,Stairs,stairs_up/stairs_down,0.499531,0.331875,0.999062,0.663750,stairs_up
oi_tr_6f0b3cfd3ccd629b.jpg,Stairs,stairs_up/stairs_down,0.334896,0.861563,0.664165,0.275625,stairs_up
oi_tr_6f0b3cfd3ccd629b.jpg,Stairs,stairs_up/stairs_down,0.753283,0.710000,0.491557,0.205000,drop
oi_tr_6f793ac80045751c.jpg,Stairs,stairs_up/stairs_down,0.300000,0.653750,0.222930,0.313750,stairs_down
oi_tr_6f793ac80045751c.jpg,Stairs,stairs_up/stairs_down,0.378344,0.367500,0.163058,0.111250,stairs_down
oi_tr_6f793ac80045751c.jpg,Stairs,stairs_up/stairs_down,0.423567,0.246875,0.087898,0.051250,stairs_down
oi_tr_6fe4bbf10ef5ac7b.jpg,Stairs,stairs_up/stairs_down,0.144364,0.529582,0.288727,0.444229,drop
oi_tr_6fe4bbf10ef5ac7b.jpg,Stairs,stairs_up/stairs_down,0.287273,0.561590,0.466909,0.872939,drop
oi_tr_6fe4bbf10ef5ac7b.jpg,Stairs,stairs_up/stairs_down,0.797818,0.558196,0.402909,0.879728,drop
oi_tr_6ffbfb119ec08b51.jpg,Stairs,stairs_up/stairs_down,0.541905,0.434177,0.912381,0.488608,stairs_up
oi_tr_70f0e3b113fc24f7.jpg,Stairs,stairs_up/stairs_down,0.255000,0.313283,0.253334,0.375940,stairs_down
oi_tr_70f0e3b113fc24f7.jpg,Stairs,stairs_up/stairs_down,0.520833,0.535088,0.201667,0.187970,stairs_up
oi_tr_70f0e3b113fc24f7.jpg,Stairs,stairs_up/stairs_down,0.680834,0.818296,0.508333,0.358396,stairs_up
oi_tr_7271d6d1d5f05246.jpg,Stairs,stairs_up/stairs_down,0.786250,0.621013,0.296250,0.529080,stairs_up
oi_tr_72db07c6b7829ab6.jpg,Stairs,stairs_up/stairs_down,0.522984,0.558125,0.833959,0.546250,drop
oi_tr_744b6192b067425b.jpg,Stairs,stairs_up/stairs_down,0.499676,0.685547,0.999352,0.626953,stairs_up
oi_tr_7463e02cede4b0e4.jpg,Stairs,stairs_up/stairs_down,0.499375,0.747186,0.148750,0.426829,stairs_up
oi_tr_74cb0a264a5e4eca.jpg,Stairs,stairs_up/stairs_down,0.511438,0.768791,0.565360,0.416666,stairs_down
oi_tr_7602ee5c2eb6ac05.jpg,Stairs,stairs_up/stairs_down,0.428571,0.624062,0.699335,0.750625,stairs_up
oi_tr_772f6b423ce03934.jpg,Stairs,stairs_up/stairs_down,0.126250,0.928125,0.252500,0.141250,drop
oi_tr_772f6b423ce03934.jpg,Stairs,stairs_up/stairs_down,0.877812,0.929375,0.243125,0.138750,drop
oi_tr_772f6b423ce03934.jpg,Stairs,stairs_up/stairs_down,0.882500,0.596250,0.130000,0.497500,stairs_down
oi_tr_77c9b8ac70ffc74a.jpg,Stairs,stairs_up/stairs_down,0.499688,0.543750,0.999375,0.910834,stairs_up
oi_tr_786e6a31a6b7ad9b.jpg,Stairs,stairs_up/stairs_down,0.750833,0.722500,0.496667,0.553750,stairs_down
oi_tr_7996e90c6ed66b94.jpg,Stairs,stairs_up/stairs_down,0.374598,0.471875,0.749196,0.418750,drop
oi_tr_7996e90c6ed66b94.jpg,Stairs,stairs_up/stairs_down,0.852626,0.501875,0.290461,0.102500,stairs_down
oi_tr_7af3dbee4c0c026e.jpg,Stairs,stairs_up/stairs_down,0.570312,0.802083,0.488125,0.232500,drop
oi_tr_7af3dbee4c0c026e.jpg,Stairs,stairs_up/stairs_down,0.894688,0.925417,0.124375,0.147500,drop
oi_tr_7b5104b7a3b56feb.jpg,Stairs,stairs_up/stairs_down,0.444167,0.690000,0.888333,0.618750,stairs_up
oi_tr_7b8379b2fca376b9.jpg,Stairs,stairs_up/stairs_down,0.499059,0.790625,0.998117,0.416250,stairs_up
oi_tr_7bcaf3be1178f798.jpg,Stairs,stairs_up/stairs_down,0.504687,0.657812,0.855209,0.682813,stairs_up
oi_tr_7d8baf78d1032f75.jpg,Stairs,stairs_up/stairs_down,0.459687,0.917860,0.094375,0.148997,stairs_up
oi_tr_7d8baf78d1032f75.jpg,Stairs,stairs_up/stairs_down,0.583438,0.912130,0.083125,0.141356,stairs_up
oi_tr_7e4cb4b683366d94.jpg,Stairs,stairs_up/stairs_down,0.621341,0.760000,0.755430,0.478750,stairs_up
oi_tr_7fb54b40259a009c.jpg,Stairs,stairs_up/stairs_down,0.499167,0.662500,0.998333,0.672500,stairs_up
oi_tr_7fb54b40259a009c.jpg,Stairs,stairs_up/stairs_down,0.677500,0.423750,0.135000,0.100000,stairs_up
oi_tr_8029dfa14b5d9238.jpg,Stairs,stairs_up/stairs_down,0.570000,0.819327,0.620000,0.340803,stairs_up
oi_tr_8078673d187f692a.jpg,Stairs,stairs_up/stairs_down,0.219375,0.646685,0.048750,0.070844,stairs_up
oi_tr_809206636d15d0e9.jpg,Stairs,stairs_up/stairs_down,0.342500,0.604947,0.415000,0.670165,stairs_up
oi_tr_80e4d5a0ae697db5.jpg,Stairs,stairs_up/stairs_down,0.348809,0.900893,0.192857,0.194643,stairs_up
oi_tr_80ff9dc6b59e9443.jpg,Stairs,stairs_up/stairs_down,0.306372,0.535131,0.259803,0.436275,drop
oi_tr_80ff9dc6b59e9443.jpg,Stairs,stairs_up/stairs_down,0.511438,0.517157,0.245098,0.370915,stairs_up
oi_tr_80ff9dc6b59e9443.jpg,Stairs,stairs_up/stairs_down,0.770425,0.653595,0.204248,0.212418,drop
oi_tr_81a2d34b42a1c0ab.jpg,Stairs,stairs_up/stairs_down,0.392188,0.697917,0.100625,0.034167,stairs_up
oi_tr_81a2d34b42a1c0ab.jpg,Stairs,stairs_up/stairs_down,0.744687,0.722083,0.144375,0.110833,stairs_up
oi_tr_82520a756db14e16.jpg,Stairs,stairs_up/stairs_down,0.718666,0.684000,0.221333,0.272000,stairs_up
oi_tr_83bf9c3b96492b3a.jpg,Stairs,stairs_up/stairs_down,0.582422,0.645507,0.794532,0.707031,stairs_down
oi_tr_842f04fc49c922a8.jpg,Stairs,stairs_up/stairs_down,0.502812,0.774047,0.231875,0.444646,drop
oi_tr_8480c461eab8d5c8.jpg,Stairs,stairs_up/stairs_down,0.576564,0.750625,0.637722,0.497500,stairs_up
oi_tr_8480c461eab8d5c8.jpg,Stairs,stairs_up/stairs_down,0.851541,0.420312,0.295051,0.151875,stairs_up
oi_tr_854b8ed16e2656a8.jpg,Stairs,stairs_up/stairs_down,0.527281,0.725938,0.110066,0.096875,stairs_down
oi_tr_855aaf3f6d4e5bdb.jpg,Stairs,stairs_up/stairs_down,0.424584,0.663438,0.849167,0.671875,stairs_up
oi_tr_85e2f204c16a2fde.jpg,Stairs,stairs_up/stairs_down,0.104687,0.383750,0.160625,0.090834,stairs_up
oi_tr_86895bbc9f2f079d.jpg,Stairs,stairs_up/stairs_down,0.499531,0.448750,0.999062,0.897500,stairs_up
oi_tr_87b369fe02b5e894.jpg,Stairs,stairs_up/stairs_down,0.499688,0.709935,0.999375,0.578257,stairs_up
oi_tr_87f64dae74713d1c.jpg,Stairs,stairs_up/stairs_down,0.508437,0.865834,0.268125,0.266667,stairs_up
oi_tr_89d43053977cfa1a.jpg,Stairs,stairs_up/stairs_down,0.511748,0.660625,0.277256,0.635000,drop
oi_tr_8bbc9c27891b0a2e.jpg,Stairs,stairs_up/stairs_down,0.434883,0.773125,0.869767,0.451250,stairs_up
oi_tr_8d54930831b84df3.jpg,Stairs,stairs_up/stairs_down,0.812188,0.698406,0.374375,0.601313,stairs_down
oi_tr_8d6db387c984df3c.jpg,Stairs,stairs_up/stairs_down,0.488750,0.705441,0.977500,0.587242,stairs_down
oi_tr_8f130b9dc0a8cf28.jpg,Stairs,stairs_up/stairs_down,0.446875,0.315000,0.110000,0.088334,stairs_up
oi_tr_8f130b9dc0a8cf28.jpg,Stairs,stairs_up/stairs_down,0.525937,0.505834,0.104375,0.266667,stairs_down
oi_tr_8f130b9dc0a8cf28.jpg,Stairs,stairs_up/stairs_down,0.612500,0.317500,0.110000,0.096666,stairs_up
oi_tr_8ffd199053c8c3b4.jpg,Stairs,stairs_up/stairs_down,0.125940,0.689688,0.251880,0.253125,stairs_up
oi_tr_9078edd0a03a3e7c.jpg,Stairs,stairs_up/stairs_down,0.653906,0.840625,0.306250,0.156250,stairs_up
oi_tr_90eaa74cc4f199a8.jpg,Stairs,stairs_up/stairs_down,0.922917,0.703125,0.150000,0.587500,stairs_up
oi_tr_90f9111908cf1abe.jpg,Stairs,stairs_up/stairs_down,0.762079,0.787109,0.472914,0.423828,stairs_down
oi_tr_91a32c162462909f.jpg,Stairs,stairs_up/stairs_down,0.480938,0.696529,0.699375,0.605066,stairs_up
oi_tr_92be1d12b3899562.jpg,Stairs,stairs_up/stairs_down,0.700545,0.778750,0.597352,0.441250,stairs_up
oi_tr_932f5751a0b27820.jpg,Stairs,stairs_up/stairs_down,0.730469,0.756348,0.536458,0.458008,drop
oi_tr_947600300b2eeb81.jpg,Stairs,stairs_up/stairs_down,0.499688,0.786252,0.999375,0.425612,stairs_up
oi_tr_94c04484b5a74ac3.jpg,Stairs,stairs_up/stairs_down,0.223438,0.550260,0.446875,0.580311,stairs_up
oi_tr_954e81d5057372c8.jpg,Stairs,stairs_up/stairs_down,0.402255,0.757500,0.804511,0.483750,stairs_up
oi_tr_97edd3cc6c1e0853.jpg,Stairs,stairs_up/stairs_down,0.235937,0.699343,0.139375,0.278612,stairs_up
oi_tr_9898396e0458d6e1.jpg,Stairs,stairs_up/stairs_down,0.399375,0.575000,0.798750,0.848334,stairs_up
oi_tr_99322346a025d773.jpg,Stairs,stairs_up/stairs_down,0.330468,0.654929,0.342187,0.610329,stairs_up
oi_tr_9a8e77a681a379a8.jpg,Stairs,stairs_up/stairs_down,0.496562,0.913620,0.799375,0.170932,stairs_up
oi_tr_9aaf6b4ab3ca55b0.jpg,Stairs,stairs_up/stairs_down,0.788930,0.735625,0.420263,0.527500,stairs_up
oi_tr_9b2a3ae2cfcaaaf5.jpg,Stairs,stairs_up/stairs_down,0.295028,0.692933,0.545028,0.495310,stairs_up
oi_tr_9bf11c8d2af2471b.jpg,Stairs,stairs_up/stairs_down,0.371667,0.692878,0.323333,0.531157,stairs_up
oi_tr_9bfe013911b11421.jpg,Stairs,stairs_up/stairs_down,0.659062,0.935272,0.283125,0.127580,stairs_up
oi_tr_9c7df247c6684727.jpg,Stairs,stairs_up/stairs_down,0.519288,0.560000,0.958457,0.782222,stairs_down
oi_tr_9c8f00ad8f611100.jpg,Stairs,stairs_up/stairs_down,0.460938,0.467167,0.544375,0.934334,stairs_up
oi_tr_9cf5f650c85b4bb9.jpg,Stairs,stairs_up/stairs_down,0.096562,0.701410,0.193125,0.444109,stairs_down
oi_tr_9cf5f650c85b4bb9.jpg,Stairs,stairs_up/stairs_down,0.232187,0.775931,0.195625,0.365559,stairs_down
oi_tr_9cf5f650c85b4bb9.jpg,Stairs,stairs_up/stairs_down,0.379688,0.535750,0.078125,0.163142,stairs_down
oi_tr_9cf5f650c85b4bb9.jpg,Stairs,stairs_up/stairs_down,0.715313,0.671199,0.144375,0.524673,stairs_down
oi_tr_9cf5f650c85b4bb9.jpg,Stairs,stairs_up/stairs_down,0.889063,0.443101,0.220625,0.886203,stairs_down
oi_tr_9eb1902133c7b4bd.jpg,Stairs,stairs_up/stairs_down,0.493125,0.557741,0.301250,0.367364,stairs_up
oi_tr_9f49a0c1b58431f5.jpg,Stairs,stairs_up/stairs_down,0.448125,0.490159,0.122500,0.457357,drop
oi_tr_a0c951b1a8ad58d3.jpg,Stairs,stairs_up/stairs_down,0.370676,0.562188,0.621053,0.476875,stairs_up
oi_tr_a0e4efac9f16f18a.jpg,Stairs,stairs_up/stairs_down,0.206379,0.692187,0.097561,0.045625,stairs_up
oi_tr_a0e4efac9f16f18a.jpg,Stairs,stairs_up/stairs_down,0.309099,0.635000,0.092871,0.061250,stairs_up
oi_tr_a0e4efac9f16f18a.jpg,Stairs,stairs_up/stairs_down,0.747655,0.766875,0.502814,0.465000,stairs_up
oi_tr_a168d1e598c3d257.jpg,Stairs,stairs_up/stairs_down,0.044375,0.663333,0.088750,0.110000,stairs_up
oi_tr_a168d1e598c3d257.jpg,Stairs,stairs_up/stairs_down,0.415000,0.862500,0.830000,0.273334,stairs_up
oi_tr_a168d1e598c3d257.jpg,Stairs,stairs_up/stairs_down,0.151250,0.586250,0.086250,0.065834,drop
oi_tr_a168d1e598c3d257.jpg,Stairs,stairs_up/stairs_down,0.520625,0.657083,0.127500,0.179167,stairs_up
oi_tr_a1a5a0e06cf75ccf.jpg,Stairs,stairs_up/stairs_down,0.652570,0.940833,0.674959,0.115000,drop
oi_tr_a1f7bec788069124.jpg,Stairs,stairs_up/stairs_down,0.408125,0.647917,0.816250,0.702500,stairs_down
oi_tr_a399be6c707e855c.jpg,Stairs,stairs_up/stairs_down,0.495094,0.554121,0.296812,0.384993,stairs_down
oi_tr_a3e684817bc9036a.jpg,Stairs,stairs_up/stairs_down,0.041250,0.741753,0.055000,0.056701,stairs_up
oi_tr_a3e684817bc9036a.jpg,Stairs,stairs_up/stairs_down,0.697500,0.739691,0.093750,0.104124,stairs_up
oi_tr_a4d453ff91b03a43.jpg,Stairs,stairs_up/stairs_down,0.499531,0.758125,0.999062,0.482500,stairs_down
oi_tr_a515fd3be262fd77.jpg,Stairs,stairs_up/stairs_down,0.462500,0.632422,0.925000,0.733594,stairs_down
oi_tr_a5200445f3a04129.jpg,Stairs,stairs_up/stairs_down,0.713867,0.596012,0.195312,0.459380,stairs_up
oi_tr_a582b5b684fb5291.jpg,Stairs,stairs_up/stairs_down,0.457786,0.643750,0.553471,0.711250,stairs_up
oi_tr_a6a8533cf4d54ed8.jpg,Stairs,stairs_up/stairs_down,0.226562,0.749062,0.453125,0.109756,stairs_up
oi_tr_a78585581ba4fa73.jpg,Stairs,stairs_up/stairs_down,0.388437,0.677917,0.444375,0.642500,drop
oi_tr_a7e54039573ddd51.jpg,Stairs,stairs_up/stairs_down,0.300130,0.558106,0.600260,0.881835,stairs_down
oi_tr_a7e6b93166dff6a0.jpg,Stairs,stairs_up/stairs_down,0.373535,0.768880,0.663086,0.459636,stairs_up
oi_tr_a84537319c10fbfd.jpg,Stairs,stairs_up/stairs_down,0.498934,0.654286,0.997868,0.688571,drop
oi_tr_a892a8e40940e8a2.jpg,Stairs,stairs_up/stairs_down,0.664062,0.773438,0.293751,0.431249,stairs_up
oi_tr_a92360108f18e09e.jpg,Stairs,stairs_up/stairs_down,0.700625,0.683865,0.202500,0.630394,stairs_up
oi_tr_aaa1f5e4f01123e3.jpg,Stairs,stairs_up/stairs_down,0.402187,0.884398,0.335625,0.229323,stairs_down
oi_tr_aad7ed7fb39f94ec.jpg,Stairs,stairs_up/stairs_down,0.450625,0.505000,0.901250,0.988334,stairs_up
oi_tr_ac9ebb3af2307eed.jpg,Stairs,stairs_up/stairs_down,0.502814,0.702500,0.669794,0.550000,stairs_up
oi_tr_acd39e457358f885.jpg,Stairs,stairs_up/stairs_down,0.483334,0.909469,0.691111,0.177741,drop
oi_tr_ae1d84dfac154695.jpg,Stairs,stairs_up/stairs_down,0.357500,0.592188,0.423334,0.645625,drop
oi_tr_ae1d84dfac154695.jpg,Stairs,stairs_up/stairs_down,0.828750,0.412813,0.340834,0.361875,drop
oi_tr_ae84f728a071abd8.jpg,Stairs,stairs_up/stairs_down,0.563195,0.578750,0.505561,0.810000,stairs_up
oi_tr_af5d030646bca2c3.jpg,Stairs,stairs_up/stairs_down,0.532500,0.681875,0.931666,0.181250,stairs_up
oi_tr_af5d030646bca2c3.jpg,Stairs,stairs_up/stairs_down,0.566667,0.454375,0.673333,0.128750,stairs_up
oi_tr_af5d030646bca2c3.jpg,Stairs,stairs_up/stairs_down,0.383333,0.316250,0.216667,0.175000,stairs_up
oi_tr_aff78a319ced9336.jpg,Stairs,stairs_up/stairs_down,0.309063,0.795518,0.195625,0.380952,stairs_up
oi_tr_b013cfda29ba0f5f.jpg,Stairs,stairs_up/stairs_down,0.685764,0.593099,0.229166,0.582032,stairs_down
oi_tr_b02f2b34daa8e5a1.jpg,Stairs,stairs_up/stairs_down,0.145625,0.571547,0.291250,0.294509,stairs_up
oi_tr_b02f2b34daa8e5a1.jpg,Stairs,stairs_up/stairs_down,0.377812,0.818636,0.209375,0.199667,stairs_up
oi_tr_b070062a68cb23e0.jpg,Stairs,stairs_up/stairs_down,0.350456,0.856250,0.192212,0.066250,stairs_up
oi_tr_b10fd580c3550e75.jpg,Stairs,stairs_up/stairs_down,0.713750,0.552500,0.307500,0.891666,stairs_up
oi_tr_b32c2a4a080f5376.jpg,Stairs,stairs_up/stairs_down,0.228125,0.545752,0.206250,0.661998,stairs_up
oi_tr_b32c2a4a080f5376.jpg,Stairs,stairs_up/stairs_down,0.467813,0.533613,0.188125,0.675070,drop
oi_tr_b3652138c08b2856.jpg,Stairs,stairs_up/stairs_down,0.193359,0.816252,0.349609,0.364568,stairs_down
oi_tr_b3652138c08b2856.jpg,Stairs,stairs_up/stairs_down,0.686035,0.818448,0.625976,0.360176,drop
oi_tr_b52b0671d53a0d34.jpg,Stairs,stairs_up/stairs_down,0.424063,0.770417,0.848125,0.457500,stairs_down
oi_tr_b65c9532570df2db.jpg,Stairs,stairs_up/stairs_down,0.096154,0.953750,0.184803,0.091250,drop
oi_tr_b65c9532570df2db.jpg,Stairs,stairs_up/stairs_down,0.525797,0.766563,0.479362,0.245625,stairs_down
oi_tr_b741c42cb9bd02b8.jpg,Stairs,stairs_up/stairs_down,0.386230,0.854818,0.297851,0.287760,stairs_down
oi_tr_b741c42cb9bd02b8.jpg,Stairs,stairs_up/stairs_down,0.860351,0.898438,0.277343,0.200521,stairs_down
oi_tr_b8c6a9c920d9e20f.jpg,Stairs,stairs_up/stairs_down,0.707812,0.551667,0.101875,0.110000,stairs_down
oi_tr_b8f0b3b3b113b57b.jpg,Stairs,stairs_up/stairs_down,0.509381,0.828750,0.979362,0.285000,stairs_up
oi_tr_b8f4637513ae483a.jpg,Stairs,stairs_up/stairs_down,0.598750,0.738437,0.774166,0.360625,stairs_up
oi_tr_b96871694b810f8b.jpg,Stairs,stairs_up/stairs_down,0.250417,0.496563,0.232500,0.338125,stairs_up
oi_tr_b987231624413953.jpg,Stairs,stairs_up/stairs_down,0.628437,0.494583,0.211875,0.382500,stairs_up
oi_tr_b987231624413953.jpg,Stairs,stairs_up/stairs_down,0.760938,0.850417,0.334375,0.297500,stairs_up
oi_tr_ba6cbd3ff13ade34.jpg,Stairs,stairs_up/stairs_down,0.499219,0.657031,0.998438,0.682813,stairs_up
oi_tr_bb14c09c5dfd68f5.jpg,Stairs,stairs_up/stairs_down,0.527083,0.626562,0.412500,0.745625,stairs_down
oi_tr_bb7c74998158cc60.jpg,Stairs,stairs_up/stairs_down,0.774088,0.842773,0.449219,0.281250,stairs_down
oi_tr_bba6c86fbe387c4f.jpg,Stairs,stairs_up/stairs_down,0.258750,0.840598,0.517500,0.317094,stairs_up
oi_tr_bba6c86fbe387c4f.jpg,Stairs,stairs_up/stairs_down,0.499688,0.474359,0.999375,0.562394,stairs_up
oi_tr_bbc1a1c66c3eb7d8.jpg,Stairs,stairs_up/stairs_down,0.490000,0.841875,0.313334,0.313750,stairs_down
oi_tr_bbc1a1c66c3eb7d8.jpg,Stairs,stairs_up/stairs_down,0.822500,0.435000,0.268334,0.830000,drop
oi_tr_bbce1849384d2757.jpg,Stairs,stairs_up/stairs_down,0.576875,0.595216,0.350000,0.304878,stairs_up
oi_tr_bd1c7c6b6f3b12e5.jpg,Stairs,stairs_up/stairs_down,0.215625,0.683750,0.431250,0.527500,stairs_up
oi_tr_bd1c7c6b6f3b12e5.jpg,Stairs,stairs_up/stairs_down,0.758750,0.838125,0.481250,0.183750,stairs_up
oi_tr_bf2d4ccef218bee5.jpg,Stairs,stairs_up/stairs_down,0.499688,0.819812,0.999375,0.359119,stairs_up
oi_tr_bfa129a6b850fd6e.jpg,Stairs,stairs_up/stairs_down,0.334688,0.846226,0.180625,0.173585,stairs_up
oi_tr_c044ea1fdd16d25d.jpg,Stairs,stairs_up/stairs_down,0.521562,0.797222,0.178125,0.134444,stairs_up
oi_tr_c058b4228e0ec900.jpg,Stairs,stairs_up/stairs_down,0.312188,0.499528,0.226875,0.999056,drop
oi_tr_c058b4228e0ec900.jpg,Stairs,stairs_up/stairs_down,0.583438,0.497640,0.225625,0.995279,drop
oi_tr_c058b4228e0ec900.jpg,Stairs,stairs_up/stairs_down,0.822188,0.499528,0.273125,0.999056,drop
oi_tr_c1317a41ba5d2eb6.jpg,Stairs,stairs_up/stairs_down,0.315000,0.732295,0.630000,0.533522,stairs_up
oi_tr_c19be587d8e807e9.jpg,Stairs,stairs_up/stairs_down,0.330937,0.796250,0.661875,0.405834,stairs_up
oi_tr_c1eebb9c0c39c299.jpg,Stairs,stairs_up/stairs_down,0.479303,0.770938,0.727187,0.456875,stairs_up
oi_tr_c1eebb9c0c39c299.jpg,Stairs,stairs_up/stairs_down,0.818439,0.267813,0.361241,0.535625,stairs_up
oi_tr_c2fefa5013b8b276.jpg,Stairs,stairs_up/stairs_down,0.216250,0.453125,0.227500,0.162500,stairs_up
oi_tr_c3cd9eb5008e71d1.jpg,Stairs,stairs_up/stairs_down,0.241250,0.881250,0.351250,0.235834,stairs_up
oi_tr_c4c934947e978d7c.jpg,Stairs,stairs_up/stairs_down,0.183750,0.329556,0.367500,0.659112,stairs_up
oi_tr_c64da2a6b831fcd7.jpg,Stairs,stairs_up/stairs_down,0.425772,0.643437,0.556297,0.403125,stairs_up
oi_tr_c783bed295e12c14.jpg,Stairs,stairs_up/stairs_down,0.210625,0.445857,0.413750,0.891714,stairs_up
oi_tr_c7b41ac8e0164c84.jpg,Stairs,stairs_up/stairs_down,0.499584,0.758125,0.999167,0.482500,stairs_up
oi_tr_c8e7c3b9a30ee6dc.jpg,Stairs,stairs_up/stairs_down,0.105000,0.240834,0.210000,0.136667,stairs_up
oi_tr_c8e7c3b9a30ee6dc.jpg,Stairs,stairs_up/stairs_down,0.235313,0.374167,0.470625,0.165000,stairs_up
oi_tr_c8e7c3b9a30ee6dc.jpg,Stairs,stairs_up/stairs_down,0.303750,0.827917,0.607500,0.342500,stairs_up
oi_tr_c8e7c3b9a30ee6dc.jpg,Stairs,stairs_up/stairs_down,0.804375,0.606666,0.390000,0.261667,stairs_up
oi_tr_c9019c4ef0f430fe.jpg,Stairs,stairs_up/stairs_down,0.585417,0.648611,0.826389,0.700000,stairs_up
oi_tr_c94a2aa0bfac1293.jpg,Stairs,stairs_up/stairs_down,0.292813,0.819167,0.258125,0.360000,stairs_up
oi_tr_ca64a364d89410ac.jpg,Stairs,stairs_up/stairs_down,0.112500,0.926818,0.161250,0.144476,stairs_down
oi_tr_cd3e6aaae9414156.jpg,Stairs,stairs_up/stairs_down,0.517969,0.575781,0.485938,0.614062,stairs_up
oi_tr_cd4ec363295f4c9d.jpg,Stairs,stairs_up/stairs_down,0.242424,0.649649,0.079545,0.106781,stairs_up
oi_tr_ce51d33f817b140e.jpg,Stairs,stairs_up/stairs_down,0.413696,0.607187,0.827392,0.784375,stairs_up
oi_tr_ce8cae69aca74bcc.jpg,Stairs,stairs_up/stairs_down,0.535312,0.849444,0.315625,0.298889,stairs_up
oi_tr_cf58c1a2278a6b63.jpg,Stairs,stairs_up/stairs_down,0.314410,0.661500,0.125182,0.031000,stairs_up
oi_tr_cf58c1a2278a6b63.jpg,Stairs,stairs_up/stairs_down,0.682678,0.743500,0.384279,0.091000,stairs_up
oi_tr_cfb67137acbb4dcf.jpg,Stairs,stairs_up/stairs_down,0.676562,0.843808,0.380625,0.310507,stairs_up
oi_tr_d0171275881a14ce.jpg,Stairs,stairs_up/stairs_down,0.022461,0.597245,0.044922,0.147488,drop
oi_tr_d05557dd2c2e3efe.jpg,Stairs,stairs_up/stairs_down,0.355309,0.573828,0.526254,0.278906,stairs_up
oi_tr_d11b75f8f9e259da.jpg,Stairs,stairs_up/stairs_down,0.257324,0.572916,0.514648,0.851563,stairs_up
oi_tr_d3037aaf8f3c2909.jpg,Stairs,stairs_up/stairs_down,0.499688,0.499531,0.999375,0.999062,stairs_down
oi_tr_d3aab455e75cb868.jpg,Stairs,stairs_up/stairs_down,0.195937,0.433963,0.171875,0.131177,drop
oi_tr_d3f9858d57d1dc77.jpg,Stairs,stairs_up/stairs_down,0.517891,0.739062,0.794727,0.208125,stairs_up
oi_tr_d4d24fb79c78893b.jpg,Stairs,stairs_up/stairs_down,0.250000,0.907917,0.491250,0.182500,stairs_up
oi_tr_d5a02dc5c089cdd0.jpg,Stairs,stairs_up/stairs_down,0.235625,0.499534,0.471250,0.999069,drop
oi_tr_d6ab18261f2275db.jpg,Stairs,stairs_up/stairs_down,0.303125,0.605833,0.271250,0.215000,stairs_down
oi_tr_d6ab18261f2275db.jpg,Stairs,stairs_up/stairs_down,0.718750,0.561250,0.237500,0.135834,stairs_down
oi_tr_d6b7225239e0a2e3.jpg,Stairs,stairs_up/stairs_down,0.649625,0.463125,0.451220,0.285000,stairs_up
oi_tr_d7626cad8414a835.jpg,Stairs,stairs_up/stairs_down,0.692813,0.930113,0.113125,0.137899,stairs_down
oi_tr_d7ca016498e37cff.jpg,Stairs,stairs_up/stairs_down,0.563438,0.499584,0.871875,0.999167,stairs_down
oi_tr_d8fc788ae72fcfd8.jpg,Stairs,stairs_up/stairs_down,0.499414,0.792969,0.998828,0.150000,drop
oi_tr_d92607a9cc6b559f.jpg,Stairs,stairs_up/stairs_down,0.628750,0.693669,0.268750,0.204841,stairs_up
oi_tr_d97e5d6743bbf568.jpg,Stairs,stairs_up/stairs_down,0.520169,0.527500,0.957786,0.898750,stairs_up
oi_tr_da693be1abaff0ba.jpg,Stairs,stairs_up/stairs_down,0.193900,0.833571,0.387800,0.330000,stairs_down
oi_tr_dadd3746524cd384.jpg,Stairs,stairs_up/stairs_down,0.830000,0.842666,0.201666,0.229333,stairs_up
oi_tr_dadd3746524cd384.jpg,Stairs,stairs_up/stairs_down,0.158333,0.864667,0.170000,0.222667,stairs_up
oi_tr_dafa9610f767cf92.jpg,Stairs,stairs_up/stairs_down,0.712943,0.750312,0.085595,0.148125,drop
oi_tr_db908164765a897c.jpg,Stairs,stairs_up/stairs_down,0.619063,0.646421,0.280625,0.185499,stairs_up
oi_tr_dbb2349cab0d8e50.jpg,Stairs,stairs_up/stairs_down,0.431875,0.499533,0.760000,0.999066,stairs_up
oi_tr_dcb77e51756fd694.jpg,Stairs,stairs_up/stairs_down,0.617261,0.812500,0.763602,0.317500,stairs_down
oi_tr_dcf71d693d6ad420.jpg,Stairs,stairs_up/stairs_down,0.127805,0.593174,0.225685,0.540591,drop
oi_tr_dcffda6b3e10ff9f.jpg,Stairs,stairs_up/stairs_down,0.499688,0.782833,0.999375,0.284240,stairs_up
oi_tr_dd50ad2ae153969a.jpg,Stairs,stairs_up/stairs_down,0.822000,0.831805,0.352000,0.330275,stairs_up
oi_tr_de06a315514fba72.jpg,Stairs,stairs_up/stairs_down,0.850000,0.602720,0.298750,0.790807,stairs_up
oi_tr_dea32d468be3ac87.jpg,Stairs,stairs_up/stairs_down,0.498750,0.645500,0.293750,0.553000,stairs_up
oi_tr_df00904b8060ff60.jpg,Stairs,stairs_up/stairs_down,0.203540,0.567871,0.407080,0.862304,drop
oi_tr_df9d12434fd1f7de.jpg,Stairs,stairs_up/stairs_down,0.130000,0.765699,0.260000,0.466729,stairs_up
oi_tr_dfc9a4606950bc69.jpg,Stairs,stairs_up/stairs_down,0.581751,0.427246,0.646715,0.381836,stairs_up
oi_tr_e01aec294b38666c.jpg,Stairs,stairs_up/stairs_down,0.405694,0.724375,0.277580,0.341250,drop
oi_tr_e01aec294b38666c.jpg,Stairs,stairs_up/stairs_down,0.494662,0.383750,0.298932,0.272500,stairs_up
oi_tr_e23d70562de8332a.jpg,Stairs,stairs_up/stairs_down,0.580000,0.797084,0.590000,0.404167,stairs_down
oi_tr_e265e44f7f0902be.jpg,Stairs,stairs_up/stairs_down,0.546007,0.834635,0.585070,0.171875,stairs_up
oi_tr_e265e44f7f0902be.jpg,Stairs,stairs_up/stairs_down,0.562500,0.460287,0.350694,0.436197,stairs_up
oi_tr_e274caff3d4b8f08.jpg,Stairs,stairs_up/stairs_down,0.479003,0.789713,0.272461,0.191407,stairs_up
oi_tr_e33ca88a4425e93d.jpg,Stairs,stairs_up/stairs_down,0.480312,0.536250,0.606875,0.784166,stairs_up
oi_tr_e34de82591330a34.jpg,Stairs,stairs_up/stairs_down,0.284444,0.748125,0.568889,0.502500,stairs_up
oi_tr_e3517eb5fc3772e6.jpg,Stairs,stairs_up/stairs_down,0.458750,0.659167,0.495000,0.350000,stairs_up
oi_tr_e3f9a6ce63873260.jpg,Stairs,stairs_up/stairs_down,0.299375,0.664313,0.598750,0.669491,stairs_down
oi_tr_e42576618a5f4a17.jpg,Stairs,stairs_up/stairs_down,0.499531,0.481250,0.999062,0.731250,stairs_up
oi_tr_e498ba465ed1aad1.jpg,Stairs,stairs_up/stairs_down,0.142187,0.877084,0.123125,0.244167,stairs_up
oi_tr_e498ba465ed1aad1.jpg,Stairs,stairs_up/stairs_down,0.207500,0.526667,0.140000,0.311667,stairs_up
oi_tr_e498ba465ed1aad1.jpg,Stairs,stairs_up/stairs_down,0.680937,0.716250,0.208125,0.377500,stairs_up
oi_tr_e498ba465ed1aad1.jpg,Stairs,stairs_up/stairs_down,0.770625,0.227083,0.208750,0.352500,stairs_up
oi_tr_e588822ce3cfb08a.jpg,Stairs,stairs_up/stairs_down,0.499531,0.770000,0.999062,0.458750,stairs_up
oi_tr_e5ec48c92f9a4293.jpg,Stairs,stairs_up/stairs_down,0.741667,0.495000,0.515000,0.321250,stairs_up
oi_tr_e6a26f460d1a49de.jpg,Stairs,stairs_up/stairs_down,0.501250,0.686250,0.992500,0.215000,stairs_down
oi_tr_e6a299d79fe01720.jpg,Stairs,stairs_up/stairs_down,0.078799,0.856875,0.157598,0.112500,stairs_down
oi_tr_e719c8ed3c480392.jpg,Stairs,stairs_up/stairs_down,0.471250,0.719512,0.942500,0.559100,stairs_up
oi_tr_e76b01beec17c5fd.jpg,Stairs,stairs_up/stairs_down,0.622812,0.680000,0.753125,0.638334,stairs_down
oi_tr_e802d775684bb88a.jpg,Stairs,stairs_up/stairs_down,0.548982,0.609375,0.768187,0.345000,stairs_up
oi_tr_e89122619d08e15f.jpg,Stairs,stairs_up/stairs_down,0.493125,0.499584,0.576250,0.999167,stairs_up
oi_tr_ea1ddf3784333ad9.jpg,Stairs,stairs_up/stairs_down,0.498148,0.857407,0.450000,0.283333,stairs_up
oi_tr_ea3904ee487a7b03.jpg,Stairs,stairs_up/stairs_down,0.224375,0.639360,0.208750,0.235405,stairs_up
oi_tr_ea5e3af03b6a2b6e.jpg,Stairs,stairs_up/stairs_down,0.634687,0.745000,0.173125,0.211666,stairs_up
oi_tr_eb23da980d56d337.jpg,Stairs,stairs_up/stairs_down,0.495416,0.665000,0.990833,0.521250,stairs_up
oi_tr_ec0c1326fe68f8d6.jpg,Stairs,stairs_up/stairs_down,0.129688,0.749464,0.055625,0.047892,stairs_up
oi_tr_ec0c1326fe68f8d6.jpg,Stairs,stairs_up/stairs_down,0.141875,0.830236,0.043750,0.037884,stairs_up
oi_tr_ec0c1326fe68f8d6.jpg,Stairs,stairs_up/stairs_down,0.150938,0.704431,0.043125,0.029307,stairs_up
oi_tr_ec0c1326fe68f8d6.jpg,Stairs,stairs_up/stairs_down,0.446250,0.394925,0.082500,0.059328,stairs_up
oi_tr_ec0c1326fe68f8d6.jpg,Stairs,stairs_up/stairs_down,0.487187,0.858470,0.078125,0.084346,stairs_up
oi_tr_ec0c1326fe68f8d6.jpg,Stairs,stairs_up/stairs_down,0.488125,0.775197,0.076250,0.075053,stairs_up
oi_tr_ec0c1326fe68f8d6.jpg,Stairs,stairs_up/stairs_down,0.493438,0.686919,0.071875,0.070050,stairs_up
oi_tr_ec0c1326fe68f8d6.jpg,Stairs,stairs_up/stairs_down,0.790000,0.432452,0.113750,0.068620,stairs_down
oi_tr_ec0c1326fe68f8d6.jpg,Stairs,stairs_up/stairs_down,0.865000,0.790922,0.081250,0.047892,stairs_up
oi_tr_ec0c1326fe68f8d6.jpg,Stairs,stairs_up/stairs_down,0.866563,0.702287,0.069375,0.046462,stairs_up
oi_tr_ec0c1326fe68f8d6.jpg,Stairs,stairs_up/stairs_down,0.866563,0.882773,0.069375,0.042888,stairs_up
oi_tr_ec1154fbc065ede4.jpg,Stairs,stairs_up/stairs_down,0.198301,0.785313,0.317281,0.164375,stairs_up
oi_tr_ec1e9625a78d7f7c.jpg,Stairs,stairs_up/stairs_down,0.484375,0.652720,0.968750,0.690377,stairs_up
oi_tr_eccbb0b96ebd0f83.jpg,Stairs,stairs_up/stairs_down,0.396811,0.764063,0.793621,0.470625,stairs_down
oi_tr_ed5531b4f24b7558.jpg,Stairs,stairs_up/stairs_down,0.195000,0.801332,0.290000,0.330744,stairs_up
oi_tr_ed5531b4f24b7558.jpg,Stairs,stairs_up/stairs_down,0.904687,0.819090,0.181875,0.193118,stairs_up
oi_tr_ee21f56bbe4471f5.jpg,Stairs,stairs_up/stairs_down,0.678438,0.677917,0.641875,0.642500,stairs_up
oi_tr_eebb1426894412bc.jpg,Stairs,stairs_up/stairs_down,0.467782,0.651875,0.692887,0.652500,stairs_down
oi_tr_f1766711bff263e8.jpg,Stairs,stairs_up/stairs_down,0.656661,0.769375,0.684803,0.460000,stairs_up
oi_tr_f2e114c8210e3e92.jpg,Stairs,stairs_up/stairs_down,0.499688,0.783302,0.999375,0.431520,stairs_up
oi_tr_f58ea6ca2a6f833b.jpg,Stairs,stairs_up/stairs_down,0.206700,0.364379,0.413399,0.277778,stairs_down
oi_tr_f58ea6ca2a6f833b.jpg,Stairs,stairs_up/stairs_down,0.355392,0.799837,0.710784,0.397059,stairs_down
oi_tr_f58ea6ca2a6f833b.jpg,Stairs,stairs_up/stairs_down,0.709968,0.421569,0.576797,0.346405,stairs_down
oi_tr_f5ff9e51659da900.jpg,Stairs,stairs_up/stairs_down,0.270000,0.710131,0.540000,0.577861,stairs_down
oi_tr_f67ac8a745f23280.jpg,Stairs,stairs_up/stairs_down,0.195262,0.669118,0.165033,0.168301,stairs_down
oi_tr_f67ac8a745f23280.jpg,Stairs,stairs_up/stairs_down,0.638889,0.684640,0.718954,0.627451,stairs_down
oi_tr_f67ac8a745f23280.jpg,Stairs,stairs_up/stairs_down,0.552288,0.906046,0.284313,0.184641,stairs_down
oi_tr_f6cfb4a0c3ad8ba0.jpg,Stairs,stairs_up/stairs_down,0.297777,0.533125,0.373333,0.196250,stairs_up
oi_tr_f73d291e2f3b1f10.jpg,Stairs,stairs_up/stairs_down,0.508305,0.631875,0.981727,0.735000,stairs_up
oi_tr_f9417c97729acdc1.jpg,Stairs,stairs_up/stairs_down,0.499688,0.499518,0.999375,0.999037,stairs_down
oi_tr_fa143f5d7ed0f920.jpg,Stairs,stairs_up/stairs_down,0.499688,0.572500,0.999375,0.628334,stairs_up
oi_tr_fa296947e1fb60b8.jpg,Stairs,stairs_up/stairs_down,0.441875,0.847744,0.473750,0.300752,drop
oi_tr_fc0d7372aacd36c6.jpg,Stairs,stairs_up/stairs_down,0.560937,0.706667,0.484375,0.585000,stairs_up
oi_tr_fc11ddba7df34d7b.jpg,Stairs,stairs_up/stairs_down,0.204503,0.776250,0.409006,0.446250,stairs_up
oi_tr_fc11ddba7df34d7b.jpg,Stairs,stairs_up/stairs_down,0.702627,0.576250,0.572233,0.846250,stairs_up
oi_tr_fc3a79ccfab3d42d.jpg,Stairs,stairs_up/stairs_down,0.500625,0.040566,0.176250,0.079246,stairs_down
oi_tr_fc3a79ccfab3d42d.jpg,Stairs,stairs_up/stairs_down,0.534687,0.281132,0.219375,0.150944,stairs_down
oi_tr_fc3a79ccfab3d42d.jpg,Stairs,stairs_up/stairs_down,0.535000,0.422642,0.151250,0.099999,stairs_down
oi_tr_fc3a79ccfab3d42d.jpg,Stairs,stairs_up/stairs_down,0.689688,0.501887,0.146875,0.184906,stairs_down
oi_tr_fc3a79ccfab3d42d.jpg,Stairs,stairs_up/stairs_down,0.735000,0.279717,0.143750,0.093396,stairs_down
oi_tr_fc6d15b0c9fd473b.jpg,Stairs,stairs_up/stairs_down,0.752604,0.800293,0.493490,0.397461,drop
oi_tr_fca74d653d1d317f.jpg,Stairs,stairs_up/stairs_down,0.499584,0.675312,0.999167,0.648125,stairs_up
oi_tr_fcb58b7f4ce85785.jpg,Stairs,stairs_up/stairs_down,0.499688,0.532771,0.999375,0.932585,stairs_up
oi_tr_fce41afe29ade2d1.jpg,Stairs,stairs_up/stairs_down,0.319244,0.746250,0.358175,0.153750,stairs_up
oi_tr_fce41afe29ade2d1.jpg,Stairs,stairs_up/stairs_down,0.563403,0.670000,0.112347,0.052500,stairs_up
oi_tr_fd06d11b0730eb5d.jpg,Stairs,stairs_up/stairs_down,0.812188,0.823171,0.374375,0.351782,stairs_up
oi_tr_feb757545cc5cb42.jpg,Stairs,stairs_up/stairs_down,0.687500,0.487187,0.623334,0.435625,drop
oi_tr_ff4a138a9b7ed787.jpg,Stairs,stairs_up/stairs_down,0.479688,0.218750,0.203125,0.233334,stairs_up
oi_tr_ff9c12f1d0f16e40.jpg,Stairs,stairs_up/stairs_down,0.499688,0.654167,0.999375,0.690000,stairs_down
oi_tr_ffd2d9c1f0ad3658.jpg,Stairs,stairs_up/stairs_down,0.530625,0.864915,0.730000,0.268293,drop
oi_va_0cccffa267fce7bb.jpg,Stairs,stairs_up/stairs_down,0.500000,0.500000,1.000000,1.000000,stairs_down
oi_va_0d73caebb7a63351.jpg,Stairs,stairs_up/stairs_down,0.346154,0.386473,0.295547,0.631240,drop
oi_va_0d73caebb7a63351.jpg,Stairs,stairs_up/stairs_down,0.678138,0.387279,0.263158,0.619968,drop
oi_va_0d73caebb7a63351.jpg,Stairs,stairs_up/stairs_down,0.961538,0.485507,0.032389,0.062802,drop
oi_va_11e182562844e361.jpg,Stairs,stairs_up/stairs_down,0.269912,0.753319,0.383481,0.493363,drop
oi_va_11e182562844e361.jpg,Stairs,stairs_up/stairs_down,0.537611,0.738938,0.331858,0.522124,drop
oi_va_11e182562844e361.jpg,Stairs,stairs_up/stairs_down,0.790560,0.751106,0.418879,0.497788,drop
oi_va_19c26248636e3402.jpg,Stairs,stairs_up/stairs_down,0.368132,0.548291,0.736264,0.505201,drop
oi_va_2793ceb035feb9ed.jpg,Stairs,stairs_up/stairs_down,0.497656,0.926042,0.542188,0.147917,drop
oi_va_2a0f8b40b7b25bcc.jpg,Stairs,stairs_up/stairs_down,0.552083,0.661719,0.541667,0.676562,stairs_up
oi_va_324ce5713835ea85.jpg,Stairs,stairs_up/stairs_down,0.450781,0.487500,0.432813,0.795833,stairs_up
oi_va_358a88828eaca3ad.jpg,Stairs,stairs_up/stairs_down,0.472345,0.727876,0.741150,0.443953,stairs_up
oi_va_361742ff1a64af93.jpg,Stairs,stairs_up/stairs_down,0.688281,0.530271,0.170312,0.442589,stairs_down
oi_va_361742ff1a64af93.jpg,Stairs,stairs_up/stairs_down,0.903125,0.807933,0.100000,0.379958,stairs_down
oi_va_36f08c7bb481ba25.jpg,Stairs,stairs_up/stairs_down,0.471875,0.717187,0.368750,0.562500,stairs_up
oi_va_36f08c7bb481ba25.jpg,Stairs,stairs_up/stairs_down,0.744792,0.652344,0.506250,0.535937,stairs_up
oi_va_3b24969867312817.jpg,Stairs,stairs_up/stairs_down,0.220313,0.714583,0.334375,0.570833,drop
oi_va_3b24969867312817.jpg,Stairs,stairs_up/stairs_down,0.707812,0.753125,0.306250,0.493750,drop
oi_va_41706007fc77bff2.jpg,Stairs,stairs_up/stairs_down,0.499219,0.761458,0.998437,0.477083,stairs_up
oi_va_43279ad5d74d5f67.jpg,Stairs,stairs_up/stairs_down,0.151562,0.685417,0.168750,0.625000,stairs_down
oi_va_45ed28848e14e7e2.jpg,Stairs,stairs_up/stairs_down,0.506250,0.839583,0.987500,0.320833,stairs_up
oi_va_47f1a72d56b811af.jpg,Stairs,stairs_up/stairs_down,0.645495,0.519868,0.709010,0.960265,drop
oi_va_5711198e8b0bad28.jpg,Stairs,stairs_up/stairs_down,0.875000,0.920833,0.250000,0.158333,stairs_up
oi_va_5e456f78b64213e3.jpg,Stairs,stairs_up/stairs_down,0.455047,0.500000,0.910095,1.000000,drop
oi_va_69f80712c5d408de.jpg,Stairs,stairs_up/stairs_down,0.500000,0.678125,1.000000,0.643750,stairs_up
oi_va_6a35d70eeafaac19.jpg,Stairs,stairs_up/stairs_down,0.499219,0.544792,0.998437,0.906250,stairs_up
oi_va_74e926e907061e46.jpg,Stairs,stairs_up/stairs_down,0.426042,0.918750,0.852083,0.118750,stairs_up
oi_va_7c7c0e2bb9ea0927.jpg,Stairs,stairs_up/stairs_down,0.451327,0.615044,0.902655,0.769911,stairs_up
oi_va_7c7c0e2bb9ea0927.jpg,Stairs,stairs_up/stairs_down,0.432891,0.603982,0.184366,0.362832,stairs_up
oi_va_8eb32c27fcb2dd3e.jpg,Stairs,stairs_up/stairs_down,0.041116,0.087778,0.082232,0.175556,stairs_down
oi_va_8eb32c27fcb2dd3e.jpg,Stairs,stairs_up/stairs_down,0.119677,0.117778,0.160059,0.191111,stairs_up
oi_va_9210ce35abaef2d2.jpg,Stairs,stairs_up/stairs_down,0.224219,0.823958,0.448437,0.352083,stairs_up
oi_va_a7d635e2c38a5fa8.jpg,Stairs,stairs_up/stairs_down,0.440964,0.489175,0.877108,0.851150,stairs_up
oi_va_ad56496534b99d84.jpg,Stairs,stairs_up/stairs_down,0.392202,0.539446,0.784404,0.916844,drop
oi_va_afb42c881f22ac93.jpg,Stairs,stairs_up/stairs_down,0.559829,0.583206,0.858974,0.772519,stairs_up
oi_va_bebc0d02872d34ef.jpg,Stairs,stairs_up/stairs_down,0.505469,0.498958,0.985938,0.997917,drop
oi_va_ce442e81fded4107.jpg,Stairs,stairs_up/stairs_down,0.662979,0.403761,0.210914,0.387168,stairs_up
oi_va_d1dedc82fa753370.jpg,Stairs,stairs_up/stairs_down,0.500000,0.497788,1.000000,0.995575,stairs_down
oi_va_d6ee61462973e10d.jpg,Stairs,stairs_up/stairs_down,0.497908,0.702028,0.861925,0.595944,stairs_up
oi_va_d98df2c98aeb054a.jpg,Stairs,stairs_up/stairs_down,0.614062,0.498958,0.771875,0.997917,stairs_up
oi_va_db9848b711c72bc5.jpg,Stairs,stairs_up/stairs_down,0.473770,0.490050,0.849180,0.980100,stairs_up
oi_va_ec737163fc7941cb.jpg,Stairs,stairs_up/stairs_down,0.165354,0.503106,0.185827,0.708075,stairs_up
oi_va_f9dc8cf3528ecac1.jpg,Stairs,stairs_up/stairs_down,0.500000,0.906250,1.000000,0.187500,stairs_down
oi_va_f9e61241218288ba.jpg,Stairs,stairs_up/stairs_down,0.785156,0.607292,0.182813,0.135417,stairs_down
oi_va_fe7ca35356990449.jpg,Stairs,stairs_up/stairs_down,0.500000,0.500000,1.000000,1.000000,stairs_up
